price_drop,execution_haircut,debt_multiplier,health_factor,debt_usd,oracle_collateral_usd,realizable_usd,shortfall_usd
0,0,0.8,1.75,200.0,1000,1000,0
0,0,1,1.40,250,1000,1000,0
0,0,1.2,1.166666666666666666666666667,300.0,1000,1000,0
0,0,2,0.70,500,1000,1000,0
0,0.1,0.8,1.75,200.0,1000,900.0,0
0,0.1,1,1.40,250,1000,900.0,0
0,0.1,1.2,1.166666666666666666666666667,300.0,1000,900.0,0
0,0.1,2,0.70,500,1000,900.0,0
0,0.5,0.8,1.75,200.0,1000,500.0,0
0,0.5,1,1.40,250,1000,500.0,0
0,0.5,1.2,1.166666666666666666666666667,300.0,1000,500.0,0
0,0.5,2,0.70,500,1000,500.0,37.0370370370370370370370370
0,0.9,0.8,1.75,200.0,1000,100.0,107.4074074074074074074074074
0,0.9,1,1.40,250,1000,100.0,157.4074074074074074074074074
0,0.9,1.2,1.166666666666666666666666667,300.0,1000,100.0,207.4074074074074074074074074
0,0.9,2,0.70,500,1000,100.0,407.4074074074074074074074074
0.3,0,0.8,1.225,200.0,700.0,700.0,0
0.3,0,1,0.980,250,700.0,700.0,0
0.3,0,1.2,0.8166666666666666666666666667,300.0,700.0,700.0,0
0.3,0,2,0.490,500,700.0,700.0,0
0.3,0.1,0.8,1.225,200.0,700.0,630.00,0
0.3,0.1,1,0.980,250,700.0,630.00,0
0.3,0.1,1.2,0.8166666666666666666666666667,300.0,700.0,630.00,0
0.3,0.1,2,0.490,500,700.0,630.00,0
0.3,0.5,0.8,1.225,200.0,700.0,350.00,0
0.3,0.5,1,0.980,250,700.0,350.00,0
0.3,0.5,1.2,0.8166666666666666666666666667,300.0,700.0,350.00,0
0.3,0.5,2,0.490,500,700.0,350.00,175.9259259259259259259259259
0.3,0.9,0.8,1.225,200.0,700.0,70.00,135.1851851851851851851851852
0.3,0.9,1,0.980,250,700.0,70.00,185.1851851851851851851851852
0.3,0.9,1.2,0.8166666666666666666666666667,300.0,700.0,70.00,235.1851851851851851851851852
0.3,0.9,2,0.490,500,700.0,70.00,435.1851851851851851851851852
0.5,0,0.8,0.875,200.0,500.0,500.0,0
0.5,0,1,0.700,250,500.0,500.0,0
0.5,0,1.2,0.5833333333333333333333333333,300.0,500.0,500.0,0
0.5,0,2,0.350,500,500.0,500.0,37.0370370370370370370370370
0.5,0.1,0.8,0.875,200.0,500.0,450.00,0
0.5,0.1,1,0.700,250,500.0,450.00,0
0.5,0.1,1.2,0.5833333333333333333333333333,300.0,500.0,450.00,0
0.5,0.1,2,0.350,500,500.0,450.00,83.3333333333333333333333333
0.5,0.5,0.8,0.875,200.0,500.0,250.00,0
0.5,0.5,1,0.700,250,500.0,250.00,18.5185185185185185185185185
0.5,0.5,1.2,0.5833333333333333333333333333,300.0,500.0,250.00,68.5185185185185185185185185
0.5,0.5,2,0.350,500,500.0,250.00,268.5185185185185185185185185
0.5,0.9,0.8,0.875,200.0,500.0,50.00,153.7037037037037037037037037
0.5,0.9,1,0.700,250,500.0,50.00,203.7037037037037037037037037
0.5,0.9,1.2,0.5833333333333333333333333333,300.0,500.0,50.00,253.7037037037037037037037037
0.5,0.9,2,0.350,500,500.0,50.00,453.7037037037037037037037037
0.75,0,0.8,0.4375,200.0,250.00,250.00,0
0.75,0,1,0.3500,250,250.00,250.00,18.5185185185185185185185185
0.75,0,1.2,0.2916666666666666666666666667,300.0,250.00,250.00,68.5185185185185185185185185
0.75,0,2,0.1750,500,250.00,250.00,268.5185185185185185185185185
0.75,0.1,0.8,0.4375,200.0,250.00,225.000,0
0.75,0.1,1,0.3500,250,250.00,225.000,41.6666666666666666666666667
0.75,0.1,1.2,0.2916666666666666666666666667,300.0,250.00,225.000,91.6666666666666666666666667
0.75,0.1,2,0.1750,500,250.00,225.000,291.6666666666666666666666667
0.75,0.5,0.8,0.4375,200.0,250.00,125.000,84.2592592592592592592592593
0.75,0.5,1,0.3500,250,250.00,125.000,134.2592592592592592592592593
0.75,0.5,1.2,0.2916666666666666666666666667,300.0,250.00,125.000,184.2592592592592592592592593
0.75,0.5,2,0.1750,500,250.00,125.000,384.2592592592592592592592593
0.75,0.9,0.8,0.4375,200.0,250.00,25.000,176.8518518518518518518518518
0.75,0.9,1,0.3500,250,250.00,25.000,226.8518518518518518518518518
0.75,0.9,1.2,0.2916666666666666666666666667,300.0,250.00,25.000,276.8518518518518518518518518
0.75,0.9,2,0.1750,500,250.00,25.000,476.8518518518518518518518518
0.95,0,0.8,0.0875,200.0,50.00,50.00,153.7037037037037037037037037
0.95,0,1,0.0700,250,50.00,50.00,203.7037037037037037037037037
0.95,0,1.2,0.05833333333333333333333333333,300.0,50.00,50.00,253.7037037037037037037037037
0.95,0,2,0.0350,500,50.00,50.00,453.7037037037037037037037037
0.95,0.1,0.8,0.0875,200.0,50.00,45.000,158.3333333333333333333333333
0.95,0.1,1,0.0700,250,50.00,45.000,208.3333333333333333333333333
0.95,0.1,1.2,0.05833333333333333333333333333,300.0,50.00,45.000,258.3333333333333333333333333
0.95,0.1,2,0.0350,500,50.00,45.000,458.3333333333333333333333333
0.95,0.5,0.8,0.0875,200.0,50.00,25.000,176.8518518518518518518518518
0.95,0.5,1,0.0700,250,50.00,25.000,226.8518518518518518518518518
0.95,0.5,1.2,0.05833333333333333333333333333,300.0,50.00,25.000,276.8518518518518518518518518
0.95,0.5,2,0.0350,500,50.00,25.000,476.8518518518518518518518518
0.95,0.9,0.8,0.0875,200.0,50.00,5.000,195.3703703703703703703703704
0.95,0.9,1,0.0700,250,50.00,5.000,245.3703703703703703703703704
0.95,0.9,1.2,0.05833333333333333333333333333,300.0,50.00,5.000,295.3703703703703703703703704
0.95,0.9,2,0.0350,500,50.00,5.000,495.3703703703703703703703704
